cohort_index,average_retention
1,0.20623180138601738
2,0.22116315704699085
3,0.2324440390244066
4,0.2455459782300763
5,0.25081172693313436
6,0.24369106464327148
7,0.24257751065272615
8,0.2505790649127142
9,0.27829141461329054
10,0.26898024845065965
11,0.3101654269804496
12,0.2655367231638418
