customer_type,customers,customer_share,revenue,revenue_share,avg_revenue_per_customer,avg_orders_per_customer
One-time customers,1493,0.3441678192715537,616311.731,0.06915986089284057,412.800891493637,1.0
Repeat customers,2845,0.6558321807284463,8295096.173,0.9308401391071593,2915.6752804920916,5.989103690685413
