customer_group,revenue_share
Top 1%,0.31998855856660374
Top 5%,0.5037812496479792
Top 10%,0.6137506574628907
Top 20%,0.7461713718676614
