day_of_week,revenue,orders,avg_order_value
Monday,1367146.411,2863,477.5223230876703
Tuesday,1700634.631,3184,534.1189167713568
Wednesday,1588336.17,3455,459.72103328509405
Thursday,1976859.07,4032,490.29242807539686
Friday,1485917.401,2829,525.2447511488159
Sunday,792514.221,2169,365.38230567081604
